FILENAME,,,,
FILENAME,.,,,
FILENAME,..,,,
FILENAME,11604909.sl,,,
INPUT,AIX 5.1,,,
OUTPUT,5.1,,,
INPUT,VMware ESX Server 3.5.0 build-110268,,,
OUTPUT,3.5,,,
INPUT,Linux Linux 2.6 Linux,,,
OUTPUT,2.6,,,
INPUT,Red Hat Enterprise AS 4 <2.6-78.0.13.ELlargesmp>,,,
OUTPUT,2.6,,,
INPUT,Microsoft <R> Windows <R> 2000 Advanced Server 1.0,,,
OUTPUT,1,,,
INPUT,Microsoft Windows XP Win2008R2 6.1.7601,,,
OUTPUT,6.1,,,
FILENAME,12948338.sl,,,
INPUT,An example string with _username in it RT _AwesomeUser says _username is awesome,username,,
OUTPUT,2,,,
INPUT,An example string with _username in it RT _AwesomeUser says _username is awesome,AwesomeUser,,
OUTPUT,1,,,
INPUT,An _example string with _example in it is awesome _example,example,,
OUTPUT,3,,,
FILENAME,17212077.sl,,,
INPUT,01/15/2013,,,
OUTPUT,01/2013,,,
INPUT,03/07/2011,,,
OUTPUT,03/2011,,,
INPUT,05/09/2009,,,
OUTPUT,05/2009,,,
FILENAME,19274448.sl,,,
INPUT,dhfjd9999999dfda,,,
OUTPUT,TRUE,,,
INPUT,ddsss999dfdfsfd,,,
OUTPUT,FALSE,,,
FILENAME,19558979.sl,,,
INPUT,spreadsheet,1,,
OUTPUT,s,,,
INPUT,spreadsheet,2,,
OUTPUT,p,,,
INPUT,spreadsheet,3,,
OUTPUT,r,,,
INPUT,spreadsheet,4,,
OUTPUT,e,,,
INPUT,spreadsheet,5,,
OUTPUT,a,,,
FILENAME,2171308.sl,,,
INPUT,John Doe,,,
OUTPUT,J Doe,,,
INPUT,Mayur Naik,,,
OUTPUT,M Naik,,,
INPUT,Nimit Singh,,,
OUTPUT,N Singh,,,
FILENAME,23435880.sl,,,
INPUT,apple apples,apple,,
OUTPUT,2,,,
INPUT,an orange among the oranges is a spoiled orange,orange,,
OUTPUT,3,,,
FILENAME,25239569.sl,,,
INPUT,Adf_ROCLeader_BAN_728x90_CPM_STD _BRD _NRT_DCK,,,
OUTPUT,Adf_ROCLeader_BAN_728x90_CPM_STD _Branding _NRT_DCK,,,
INPUT,MMC_ContextualLarRec_BAN_336x280_CPM_STD _LDS _RTG_DCK,,,
OUTPUT,MMC_ContextualLarRec_BAN_336x280_CPM_STD _Leads _RTG_DCK,,,
INPUT,Adf_ROC_DLBD_728x90_CPM_STD_DRS_NRT_NOR_DCK,,,
OUTPUT,Adf_ROC_DLBD_728x90_CPM_STD_Direct Response_NRT_NOR_DCK,,,
FILENAME,28627624_1.sl,,,
INPUT,"Dec 2, 2014, 11=23 PM - +91 90000 80000= loren ipsum",,,
OUTPUT,"Dec 2, 2014, 11=23 PM",,,
INPUT,"Dec 2, 2014, 11=24 PM - +91 90000 80000= loren",,,
OUTPUT,"Dec 2, 2014, 11=24 PM",,,
FILENAME,30732554.sl,,,
INPUT,TL-18273982| 10MM,,,
OUTPUT,TL-18273982,,,
INPUT,TL-288762| 76DK,,,
OUTPUT,TL-288762,,,
INPUT,CT-576,,,
OUTPUT,CT-576,,,
INPUT,N/A,,,
OUTPUT,N/A,,,
FILENAME,31753108.sl,,,
INPUT,Tire Pressure ABC123873 Monitor,,,
OUTPUT,ABC123873,,,
INPUT, Oil Life ABC849999999021 gauge,,,
OUTPUT,ABC849999999021,,,
INPUT, Air conditioner GHF211 maintenance,,,
OUTPUT,GHF211,,,
FILENAME,33619752.sl,,,
INPUT,General Electric,,,
OUTPUT,General Electric,,,
INPUT,General Electric Inc,,,
OUTPUT,General Electric,,,
INPUT,General Electric Company,,,
OUTPUT,General Electric,,,
INPUT,Microsoft,,,
OUTPUT,Microsoft,,,
INPUT,Microsoft Corporation,,,
OUTPUT,Microsoft,,,
INPUT,Nintendo,,,
OUTPUT,Nintendo,,,
INPUT,Nintendo Enterprises,,,
OUTPUT,Nintendo,,,
FILENAME,34801680.sl,,,
INPUT,Name= ABC Retailers,,,
OUTPUT,ABC Retailers,,,
INPUT, ame= XYZ Suppliers,,,
OUTPUT,XYZ Suppliers,,,
FILENAME,35016216.sl,,,
INPUT,C0abc,def,,
OUTPUT,C0abc,,,
INPUT,aabc,def,,
OUTPUT,def,,,
INPUT,C0dd,qwe,,
OUTPUT,C0dd,,,
INPUT,dd,qwe,,
OUTPUT,qwe,,,
FILENAME,35744094.sl,,,
INPUT,http=//www.apple.com/uk/mac,,,
OUTPUT,mac,,,
INPUT,https=//www.microsoft.com/en-gb/windows,,,
OUTPUT,windows,,,
INPUT,https=//www.microsoft.com/,,,
OUTPUT,microsoft,,,
FILENAME,36462127.sl,,,
INPUT,ABCDE/FGHI/JKL/MNOPQR,,,
OUTPUT,MNOPQR,,,
INPUT,A/ABCDE/FGHI/JKL,,,
OUTPUT,JKL,,,
FILENAME,37281007.sl,,,
INPUT,ABC,D,,
OUTPUT,FALSE,,,
INPUT,ABC,BC,,
OUTPUT,TRUE,,,
FILENAME,37534494.sl,,,
INPUT,I love apples,I hate bananas,banana,
OUTPUT,I hate bananas,,,
INPUT,I love apples,I hate bananas,apple,
OUTPUT,I love apples,,,
FILENAME,38664547.sl,,,
INPUT,thatensures,,,
OUTPUT,ensures,,,
INPUT,thatwill,,,
OUTPUT,will,,,
INPUT,thathave,,,
OUTPUT,have,,,
INPUT,knowthat,,,
OUTPUT,know,,,
INPUT,that,,,
OUTPUT,that,,,
INPUT,mouse,,,
OUTPUT,mouse,,,
INPUT,knowthat,,,
OUTPUT,know,,,
FILENAME,38871714.sl,,,
INPUT,"This is a <string>, It should be <changed> to <a> number.",,,
OUTPUT,"This is a string, It should be changed to a number.",,,
INPUT,a < 4 and a > 0,,,
OUTPUT,a  4 and a  0,,,
FILENAME,39060015.sl,,,
INPUT,This is a line. /delete words in the area /keep this part,,,
OUTPUT,This is a line. keep this part,,,
INPUT,/delete words in the area /,,,
OUTPUT,,,,
FILENAME,40498040.sl,,,
INPUT,"some project,other project",,,
OUTPUT,TRUE,,,
INPUT,some project,,,
OUTPUT,TRUE,,,
INPUT,overhead,,,
OUTPUT,FALSE,,,
INPUT,"some project, overhead",,,
OUTPUT,FALSE,,,
INPUT,"some project, other, boo",,,
OUTPUT,TRUE,,,
FILENAME,41503046.sl,,,
INPUT,Polygonum amphibium,,,
OUTPUT,Polygonum,,,
INPUT,Hippuris vulgaris,,,
OUTPUT,Hippuris,,,
INPUT,Lysimachia vulgaris,,,
OUTPUT,Lysimachia,,,
INPUT,Juncus bulbosus ssp. bulbosus,,,
OUTPUT,Juncus bulbosus,,,
INPUT,Lycopus europaeus ssp. europaeus,,,
OUTPUT,Lycopus europaeus,,,
INPUT,Nymphaea alba,,,
OUTPUT,Nymphaea,,,
FILENAME,43120683.sl,,,
INPUT,"one, 1",,,
OUTPUT,one apple,,,
INPUT,"two, 2",,,
OUTPUT,two bananas,,,
INPUT,"three, 3",,,
OUTPUT,three strawberries,,,
INPUT,"four, 4",,,
OUTPUT,four oranges,,,
FILENAME,43606446.sl,,,
INPUT,"USD.EUR<IDEALPRO,CASH,EUR>",,,
OUTPUT,EUR,,,
INPUT,"USD.EUR<IDEALPRO,CASH,USD>",,,
OUTPUT,USD,,,
INPUT,"KOR.JPN<IDEALPRO,CASH,WON>",,,
OUTPUT,WON,,,
INPUT,"KOR.JPN<IDEALPRO,CASH,YEN>",,,
OUTPUT,YEN,,,
FILENAME,44789427.sl,,,
INPUT,1/17/16-1/18/17,1,,
OUTPUT,1/17/16,,,
INPUT,1/17/16-1/18/17,2,,
OUTPUT,1/18/17,,,
INPUT,01/17/2016-01/18/2017,1,,
OUTPUT,01/17/2016,,,
INPUT,01/17/2016-01/18/2017,2,,
OUTPUT,01/18/2017,,,
FILENAME,add-a-line-break-with-a-formula.sl,,,
INPUT,Traci Brown,1301 Robinson Court,"Saginaw, MI 48607",
OUTPUT,"Traci Brown/n1301 Robinson Court/nSaginaw, MI 48607",,,
INPUT,Mary Hannan,1195 Amethyst Drive,"Lansing, MI 48933",
OUTPUT,"Mary Hannan/n1195 Amethyst Drive/nLansing, MI 48933",,,
INPUT,Linda Thomas,2479 North Bend Road,"Allen, KY 41601",
OUTPUT,"Linda Thomas/n2479 North Bend Road/nAllen, KY 41601",,,
FILENAME,cell-contains-all-of-many-things.sl,,,
INPUT,yellow dog on green grass,yellow,green,dog
OUTPUT,TRUE,,,
INPUT,Lone dog with a green frisbie on yellow sand,yellow,green,dog
OUTPUT,TRUE,,,
INPUT,A yellow sun in a green field,yellow,green,dog
OUTPUT,FALSE,,,
INPUT,yellow neon sign with a green background,yellow,green,dog
OUTPUT,FALSE,,,
FILENAME,cell-contains-number.sl,,,
INPUT,A bird in the hand is worth 2 in the bush.,,,
OUTPUT,TRUE,,,
INPUT,A bird in the hand is worth two in the bush.,,,
OUTPUT,FALSE,,,
INPUT,The 15 shortcuts you simply must know,,,
OUTPUT,TRUE,,,
FILENAME,cell-contains-one-of-many-things.sl,,,
INPUT,yellow dog on green grass,yellow,green,dog
OUTPUT,TRUE,,,
INPUT,warm gray sweater,yellow,green,dog
OUTPUT,FALSE,,,
INPUT,A yellow sun in a green field,yellow,green,dog
OUTPUT,TRUE,,,
INPUT,yellow neon sign with a green background,yellow,green,dog
OUTPUT,TRUE,,,
FILENAME,cell-contains-one-of-many-with-exclusions.sl,,,
INPUT,yellow dog on green grass,yellow,green,cat
OUTPUT,TRUE,,,
INPUT,warm gray sweater,yellow,green,cat
OUTPUT,FALSE,,,
INPUT,blue neon signs,blue,green,neon
OUTPUT,FALSE,,,
INPUT,hot pink socks,blue,pink,neon
OUTPUT,TRUE,,,
INPUT,deep black eyes,yellow,green,neon
OUTPUT,FALSE,,,
FILENAME,cell-contains-some-words-but-not-others.sl,,,
INPUT,"red ball, green sweater",red,green,pink
OUTPUT,TRUE,,,
INPUT,"pink ball, green sweater",red,green,pink
OUTPUT,FALSE,,,
INPUT,"blue sea, pink ribbon",red,blue,pink
OUTPUT,FALSE,,,
INPUT,"black sea, white ribbon",red,blue,pink
OUTPUT,FALSE,,,
INPUT,red green blue,red,blue,pink
OUTPUT,TRUE,,,
FILENAME,cell-contains-specific-text.sl,,,
INPUT,An apple a day keeps the doctor away,apple,,
OUTPUT,TRUE,,,
INPUT,An apple a day keeps the doctor away,orange,,
OUTPUT,FALSE,,,
INPUT,Better the devil you know,you know,,
OUTPUT,TRUE,,,
FILENAME,cell-equals-one-of-many-things.sl,,,
INPUT,yellow,,,
OUTPUT,TRUE,,,
INPUT,gray,,,
OUTPUT,FALSE,,,
INPUT,black,,,
OUTPUT,FALSE,,,
INPUT,blue,,,
OUTPUT,TRUE,,,
INPUT,pink,,,
OUTPUT,TRUE,,,
INPUT,orange,,,
OUTPUT,TRUE,,,
INPUT,turkey,,,
OUTPUT,FALSE,,,
FILENAME,change-negative-numbers-to-positive.sl,,,
INPUT,-134%,,,
OUTPUT,134%,,,
INPUT,500,,,
OUTPUT,500,,,
INPUT,5.125,,,
OUTPUT,5.125,,,
INPUT,-43.00%,,,
OUTPUT,43.00%,,,
FILENAME,clean-and-reformat-telephone-numbers.sl,,,
INPUT,801-456-8765,,,
OUTPUT,8014568765,,,
INPUT,<978> 654-0299,,,
OUTPUT,9786540299,,,
INPUT,978.654.0299,,,
OUTPUT,9786540299,,,
FILENAME,compare-two-strings.sl,,,
INPUT,apple,apple,,
OUTPUT,TRUE,,,
INPUT,orange,Orange,,
OUTPUT,FALSE,,,
INPUT,peach,peach,,
OUTPUT,TRUE,,,
INPUT,cherry,cherrY,,
OUTPUT,FALSE,,,
FILENAME,convert-numbers-to-text.sl,,,
INPUT,101,,,
OUTPUT,101,,,
INPUT,1002,,,
OUTPUT,1002,,,
INPUT,743,,,
OUTPUT,743,,,
FILENAME,convert-text-to-numbers.sl,,,
INPUT,101,,,
OUTPUT,101,,,
INPUT,1002,,,
OUTPUT,1002,,,
INPUT,743,,,
OUTPUT,743,,,
FILENAME,count-consecutive-monthly-orders.sl,,,
INPUT,7 0 0 5 4 4,,,
OUTPUT,3,,,
INPUT,0 0 2 3 3 0,,,
OUTPUT,3,,,
INPUT,5 6 4 6 0 7,,,
OUTPUT,4,,,
INPUT,0 4 5 0 0 2,,,
OUTPUT,2,,,
INPUT,3 0 3 0 1 2,,,
OUTPUT,2,,,
INPUT,5 3 2 5 6 1,,,
OUTPUT,6,,,
FILENAME,count-line-breaks-in-cell.sl,,,
INPUT,one,,,
OUTPUT,1,,,
INPUT,one/ntwo,,,
OUTPUT,2,,,
INPUT,one/ntwo/nthree,,,
OUTPUT,3,,,
FILENAME,count-specific-characters-in-a-cell.sl,,,
INPUT,Hannah,n,,
OUTPUT,2,,,
INPUT,Hannah,x,,
OUTPUT,0,,,
INPUT,Hannah,N,,
OUTPUT,0,,,
INPUT,Hannah,a,,
OUTPUT,2,,,
INPUT,Hannah,h,,
OUTPUT,1,,,
FILENAME,count-specific-words-in-a-cell.sl,,,
INPUT,The fox jumped over the fox,fox,,
OUTPUT,2,,,
INPUT,The fox jumped over the fox,ox,,
OUTPUT,2,,,
INPUT,The fox jumped over the fox,Fox,,
OUTPUT,0,,,
FILENAME,count-total-characters-in-a-cell.sl,,,
INPUT,The,,,
OUTPUT,3,,,
INPUT,The quick fox,,,
OUTPUT,13,,,
INPUT,The quick  fox,,,
OUTPUT,14,,,
FILENAME,count-total-words-in-a-cell.sl,,,
INPUT,humpty dumpty,,,
OUTPUT,2,,,
INPUT,"humpty dumpty sat on a wall,",,,
OUTPUT,6,,,
INPUT,couldnt put humpty together again.,,,
OUTPUT,5,,,
FILENAME,create-email-address-from-name.sl,,,
INPUT,brown,traci,,
OUTPUT,tbrown_acme.com,,,
INPUT,thomas,linda,,
OUTPUT,lthomas_acme.com,,,
INPUT,ward,jack,,
OUTPUT,jward_acme.com,,,
FILENAME,create-email-address-with-name-and-domain.sl,,,
INPUT,ayako,ogawa,acme.com,
OUTPUT,aogawa_acme.com,,,
INPUT,amy,johnson,google.com,
OUTPUT,ajohnson_google.com,,,
INPUT,tom,chang,upenn.edu,
OUTPUT,tchang_upenn.edu,,,
FILENAME,exceljet1.sl,,,
INPUT,ann chang,achang_maaker.com,,
OUTPUT,maaker.com,,,
INPUT,bobby smith,bobt_sphynx.uk.co,,
OUTPUT,sphynx.uk.co,,,
INPUT,art lennox,art.lennox_svxn.com,,
OUTPUT,svxn.com,,,
FILENAME,exceljet2.sl,,,
INPUT,www.domain.com,,,
OUTPUT,com,,,
INPUT,mail.net,,,
OUTPUT,net,,,
INPUT,www.amaon.co.uk,,,
OUTPUT,uk,,,
FILENAME,exceljet3.sl,,,
INPUT,year= 2016,,,
OUTPUT,2016,,,
INPUT,make= subaru,,,
OUTPUT,subaru,,,
INPUT,model= outback wagon,,,
OUTPUT,outback wagon,,,
INPUT,fuel economy= 25/33,,,
OUTPUT,25/33,,,
FILENAME,exceljet4.sl,,,
INPUT,https=//exceljet.net/catalog,,,
OUTPUT,exceljet.net/catalog,,,
INPUT,https=//microsoft.com,,,
OUTPUT,microsoft.com,,,
INPUT,ftp=//someserver.com,,,
OUTPUT,someserver.com,,,
INPUT,sftp=//127.0.0.1,,,
OUTPUT,127.0.0.1,,,
FILENAME,extract-nth-word-from-text-string.sl,,,
INPUT,you can do anything but you cant do everything.,4,,
OUTPUT,anything,,,
INPUT,you can do anything but you cant do everything.,1,,
OUTPUT,you,,,
INPUT,you can do anything but you cant do everything.,2,,
OUTPUT,can,,,
INPUT,you can do anything but you cant do everything.,3,,
OUTPUT,do,,,
FILENAME,extract-text-between-parentheses.sl,,,
INPUT,Jones <60>,,,
OUTPUT,60,,,
INPUT,Jones <57>,,,
OUTPUT,57,,,
INPUT,Jones <55>,,,
OUTPUT,55,,,
FILENAME,extract-word-containing-specific-text.sl,,,
INPUT,send email to json_acme.com,,,
OUTPUT,json_acme.com,,,
INPUT,contact help_robot.com for all support requests,,,
OUTPUT,help_robot.com,,,
FILENAME,extract-word-that-begins-with-specific-character.sl,,,
INPUT,this is a _username in the middle,,,
OUTPUT,_username,,,
INPUT,twitter names look like= _name,,,
OUTPUT,_name,,,
INPUT,with two _name1 and _name2,,,
OUTPUT,_name1,,,
FILENAME,find-nth-occurrence-of-character.sl,,,
INPUT,"replies to _aya, _tasisuke, and _chan",1,,
OUTPUT,12,,,
INPUT,"replies to _aya, _tasisuke, and _chan",2,,
OUTPUT,18,,,
INPUT,"replies to _aya, _tasisuke, and _chan",3,,
OUTPUT,33,,,
FILENAME,get-domain-from-email-address_2.sl,,,
INPUT,ann chang,achang_maaker.com,,
OUTPUT,achang,,,
INPUT,bobby smith,bobt_sphynx.uk.co,,
OUTPUT,bobt,,,
INPUT,art lennox,art.lennox_svxn.com,,
OUTPUT,art.lennox,,,
FILENAME,get-domain-name-from-url.sl,,,
INPUT,https=//abc.com/def,,,
OUTPUT,https=//abc.com/,,,
INPUT,http=//www.abc.com/def/cef,,,
OUTPUT,http=//www.abc.com,,,
INPUT,http=//chandoo.org/wp/def-def,,,
OUTPUT,http=//chandoo.org/,,,
FILENAME,get-first-name-from-name-with-comma.sl,,,
INPUT,"Chang,Amy",1,,
OUTPUT,Amy,,,
INPUT,"Chang,Amy",2,,
OUTPUT,Chang,,,
INPUT,"smith,bobby",2,,
OUTPUT,smith,,,
INPUT,"smith,bobby",1,,
OUTPUT,bobby,,,
FILENAME,get-first-name-from-name.sl,,,
INPUT,Susan Ann Chang,,,
OUTPUT,Susan,,,
INPUT,Ayako Tanaka,,,
OUTPUT,Ayako,,,
INPUT,Bobby T. smth,,,
OUTPUT,Bobby,,,
FILENAME,get-first-word.sl,,,
INPUT,The quick brown fox.,,,
OUTPUT,The,,,
INPUT,quick brown fox.,,,
OUTPUT,quick,,,
INPUT,fox,,,
OUTPUT,,,,
FILENAME,get-last-line-in-cell.sl,,,
INPUT,"11/1/2015 - First call/n12/3/2015-order placed/n11/15/2015-follow-up,interested",,,
OUTPUT,"11/15/2015-follow-up,interested",,,
INPUT,11/1/2015 - First call/n12/3/2015-order placed,,,
OUTPUT,12/3/2015-order placed,,,
INPUT,11/1/2015 - First call,,,
OUTPUT,11/1/2015 - First call,,,
FILENAME,get-last-name-from-name-with-comma.sl,,,
INPUT,"chang,amy",,,
OUTPUT,"amy,chang",,,
INPUT,"smith,bobby",,,
OUTPUT,"bobby,smith",,,
INPUT,"lennox,aaron",,,
OUTPUT,"aaron,lennox",,,
FILENAME,get-last-name-from-name.sl,,,
INPUT,Park Kim,,,
OUTPUT,Kim,,,
INPUT,Lee Kim,,,
OUTPUT,Kim,,,
INPUT,Kim Lee,,,
OUTPUT,Lee,,,
FILENAME,get-last-word.sl,,,
INPUT,focus on one thing at a time,,,
OUTPUT,time,,,
INPUT,premature opt is the root of all evil,,,
OUTPUT,evil,,,
INPUT,where is life,,,
OUTPUT,life,,,
FILENAME,get-middle-name-from-full-name.sl,,,
INPUT,susan ann chang,,,
OUTPUT,ann,,,
INPUT,ayako tanaka,,,
OUTPUT,,,,
INPUT,bobby t. smith,,,
OUTPUT,t.,,,
INPUT,anthory r. tom brown,,,
OUTPUT,r. tom,,,
FILENAME,join-cells-with-comma.sl,,,
INPUT,figs,,apples,
OUTPUT,"figs, apples",,,
INPUT,mangos,kiwis,grapes,
OUTPUT,"mangos, kiwis, grapes",,,
FILENAME,join-first-and-last-name.sl,,,
INPUT,susan,chang,,
OUTPUT,susan chang,,,
INPUT,aaron,kim,,
OUTPUT,aaron kim,,,
FILENAME,most-frequently-occurring-text.sl,,,
INPUT,cat,dog,cat,
OUTPUT,cat,,,
INPUT,blue,red,red,
OUTPUT,red,,,
INPUT,firm,firm,soft,
OUTPUT,firm,,,
INPUT,soft,soft,soft,
OUTPUT,soft,,,
FILENAME,phone-5-short.sl,,,
INPUT,+106 769-858-438,,,
OUTPUT,106,,,
INPUT,+83 973-757-831,,,
OUTPUT,83,,,
INPUT,+62 647-787-775,,,
OUTPUT,62,,,
INPUT,+172 027-507-632,,,
OUTPUT,172,,,
INPUT,+72 001-050-856,,,
OUTPUT,72,,,
INPUT,+95 310-537-401,,,
OUTPUT,95,,,
INPUT,+6 775-969-238,,,
OUTPUT,6,,,
FILENAME,phone-6-short.sl,,,
INPUT,+106 769-858-438,,,
OUTPUT,769,,,
INPUT,+83 973-757-831,,,
OUTPUT,973,,,
INPUT,+62 647-787-775,,,
OUTPUT,647,,,
INPUT,+172 027-507-632,,,
OUTPUT,27,,,
INPUT,+72 001-050-856,,,
OUTPUT,1,,,
INPUT,+95 310-537-401,,,
OUTPUT,310,,,
INPUT,+6 775-969-238,,,
OUTPUT,775,,,
FILENAME,phone-7-short.sl,,,
INPUT,+106 769-858-438,,,
OUTPUT,858,,,
INPUT,+83 973-757-831,,,
OUTPUT,757,,,
INPUT,+62 647-787-775,,,
OUTPUT,787,,,
INPUT,+172 027-507-632,,,
OUTPUT,507,,,
INPUT,+72 001-050-856,,,
OUTPUT,50,,,
INPUT,+95 310-537-401,,,
OUTPUT,537,,,
INPUT,+6 775-969-238,,,
OUTPUT,969,,,
FILENAME,phone-9-short.sl,,,
INPUT,+106 769-858-438,,,
OUTPUT,106.769.858.438,,,
INPUT,+83 973-757-831,,,
OUTPUT,83.973.757.831,,,
INPUT,+62 647-787-775,,,
OUTPUT,62.647.787.775,,,
INPUT,+172 027-507-632,,,
OUTPUT,172.027.507.632,,,
INPUT,+72 001-050-856,,,
OUTPUT,72.001.050.856,,,
INPUT,+95 310-537-401,,,
OUTPUT,95.310.537.401,,,
INPUT,+6 775-969-238,,,
OUTPUT,6.775.969.238,,,
FILENAME,position-of-2nd-3rd-etc-instance-of-character.sl,,,
INPUT,100x15x50,x,2,
OUTPUT,7,,,
INPUT,cat-in-the-hat,-,3,
OUTPUT,11,,,
FILENAME,remove-characters-from-left.sl,,,
INPUT,1234,1,,
OUTPUT,234,,,
INPUT,**512A,2,,
OUTPUT,512A,,,
INPUT,343DMX,3,,
OUTPUT,DMX,,,
FILENAME,remove-characters-from-right.sl,,,
INPUT,736 miles,,,
OUTPUT,736,,,
INPUT,1255 miles,,,
OUTPUT,1255,,,
INPUT,1221 miles,,,
OUTPUT,1221,,,
INPUT,790 miles,,,
OUTPUT,790,,,
FILENAME,remove-file-extension-from-filename.sl,,,
INPUT,happy.jpg,,,
OUTPUT,happy,,,
INPUT,pivot table.xls,,,
OUTPUT,pivot table,,,
INPUT,sales data.csv,,,
OUTPUT,sales data,,,
INPUT,invoice3001.xls.pdf,,,
OUTPUT,invoice3001,,,
FILENAME,remove-leading-and-trailing-spaces-from-text.sl,,,
INPUT,  The shawshank,,,
OUTPUT,The shawshank,,,
INPUT,The    godfather,,,
OUTPUT,The godfather,,,
INPUT,    pulp   fiction,,,
OUTPUT,pulp fiction,,,
FILENAME,remove-text-by-matching.sl,,,
INPUT,801-345-1987,,,
OUTPUT,8013451987,,,
INPUT,612-554-2000,,,
OUTPUT,6125542000,,,
FILENAME,remove-text-by-position.sl,,,
INPUT,c=/users/dave/shotcut.xls,,,
OUTPUT,shotcut.xls,,,
INPUT,c=/users/dave/formulas.xls,,,
OUTPUT,formulas.xls,,,
INPUT,c=/users/dave/pivot table.xls,,,
OUTPUT,pivot table.xls,,,
FILENAME,remove-unwanted-characters.sl,,,
INPUT,zx66448,z,,
OUTPUT,x66448,,,
INPUT,zx66448,x,,
OUTPUT,z66448,,,
INPUT,zx66448,6,,
OUTPUT,zx448,,,
INPUT,zx66448,4,,
OUTPUT,zx668,,,
INPUT,zx66448,8,,
OUTPUT,zx6644,,,
FILENAME,replace-one-character-with-another.sl,,,
INPUT,801 456 8756,,,
OUTPUT,801-456-8756,,,
INPUT,978 456 8756,,,
OUTPUT,978-456-8756,,,
FILENAME,split-numbers-from-units-of-measure_1.sl,,,
INPUT,80v,3,,
OUTPUT,80,,,
INPUT,10hrs,3,,
OUTPUT,10,,,
INPUT,7h,2,,
OUTPUT,7,,,
INPUT,500m,4,,
OUTPUT,500,,,
FILENAME,split-numbers-from-units-of-measure_2.sl,,,
INPUT,80v,3,,
OUTPUT,v,,,
INPUT,10hrs,3,,
OUTPUT,hrs,,,
INPUT,7h,2,,
OUTPUT,h,,,
INPUT,500m,4,,
OUTPUT,m,,,
FILENAME,split-text-and-numbers.sl,,,
INPUT,apples30,7,,
OUTPUT,apples,,,
INPUT,peaches24,8,,
OUTPUT,peaches,,,
INPUT,peaches0,8,,
OUTPUT,peaches,,,
INPUT,pears,6,,
OUTPUT,pears,,,
FILENAME,split-text-string-at-specific-character.sl,,,
INPUT,011016_assignment.xlsx,1,,
OUTPUT,11016,,,
INPUT,011016_assignment.xlsx,2,,
OUTPUT,assignment.xlsx,,,
INPUT,030116_cost.xlsx,1,,
OUTPUT,30116,,,
INPUT,030116_cost.xlsx,2,,
OUTPUT,cost.xlsx,,,
FILENAME,stackoverflow1.sl,,,
INPUT,Trucking Inc.,,,
OUTPUT,Trucking,,,
INPUT,New Truck Inc,,,
OUTPUT,New Truck,,,
INPUT,"ABV Trucking Inc, LLC",,,
OUTPUT,ABV Trucking,,,
FILENAME,stackoverflow10.sl,,,
INPUT,April 1 1799,,,
OUTPUT,1799,,,
INPUT,April 11 1867,,,
OUTPUT,1867,,,
INPUT,February 12 1806,,,
OUTPUT,1806,,,
INPUT,February 21 1798,,,
OUTPUT,1798,,,
INPUT,February 28 1844 as Delaware Township,,,
OUTPUT,1844,,,
INPUT,February 5 1798,,,
OUTPUT,1798,,,
INPUT,February 7 1892 Verona Township,,,
OUTPUT,1892,,,
INPUT,February 9 1797,,,
OUTPUT,1797,,,
INPUT,January 19 1748,,,
OUTPUT,1748,,,
INPUT,July 10 1721 as Upper Penns Neck Township,,,
OUTPUT,1721,,,
INPUT,March 15 1860,,,
OUTPUT,1860,,,
INPUT,March 17 1870 <as Raritan Township>,,,
OUTPUT,1870,,,
INPUT,March 17 1874,,,
OUTPUT,1874,,,
INPUT,March 23 1864,,,
OUTPUT,1864,,,
INPUT,March 5 1867,,,
OUTPUT,1867,,,
INPUT,April 28th 1828,,,
OUTPUT,1828,,,
FILENAME,stackoverflow11.sl,,,
INPUT,2283-332-44543 CAP DDT PPL445_ HEEN PAX 77820,,,
OUTPUT,HEEN PAX 77820,,,
INPUT,44372-33-3223 TYYTE CAP BOX 1550 244 BOX PPSSA223_ PAX,,,
OUTPUT,PAX,,,
INPUT,PRECISE 77 CLEAR BLUE 99WIE_ BOX 4403 PAX SSKA,,,
OUTPUT,BOX 4403 PAX SSKA,,,
FILENAME,stackoverflow2.sl,,,
INPUT,india china japan,,,
OUTPUT,india china,,,
INPUT,indonesia korea,,,
OUTPUT,indonesia,,,
FILENAME,stackoverflow3.sl,,,
INPUT,geb. 14 oct 1956 Westerkerk HRL,,,
OUTPUT,Westerkerk HRL,,,
INPUT,geb. 14 oct 1956 ,,,
OUTPUT,,,,
INPUT,geb. 15 feb 1987 Westerkerk HRL,,,
OUTPUT,Westerkerk HRL,,,
FILENAME,stackoverflow4.sl,,,
INPUT,"R/V<208,0,32>",,,
OUTPUT,R/V 208 0 32,,,
INPUT,"R/S<184,28,16>",,,
OUTPUT,R/S 184 28 16,,,
INPUT,"R/B<255,88,80>",,,
OUTPUT,R/B 255 88 80,,,
FILENAME,stackoverflow5.sl,,,
INPUT,valentine day=1915=50==7.1=45,,,
OUTPUT,valentine day,,,
INPUT,"movie blah=2blahblah, The=1914=54==7.9=17",,,
OUTPUT,"movie blah=2blahblah, The",,,
FILENAME,stackoverflow6.sl,,,
INPUT,"Dec 2, 2014, 11=23 PM - +91 90000 80000= loren ipsum",,,
OUTPUT,loren ipsum,,,
INPUT,"Dec 2, 2014, 11=24 PM - +91 90000 80000= loren",,,
OUTPUT,loren,,,
FILENAME,stackoverflow7.sl,,,
INPUT,Item 1 AQ-S810W-2AVDF,AQ-S810W-2AVDF,,
OUTPUT,Item 1,,,
INPUT,Item 2 AQ-230A-1DUQ,AQ-230A,,
OUTPUT,Item 2 -1DUQ,,,
FILENAME,stackoverflow8.sl,,,
INPUT,home/Excel/Sheet1.xls,,,
OUTPUT,Sheet1.xls,,,
INPUT,home/user/Sheet1.xls,,,
OUTPUT,Sheet1.xls,,,
FILENAME,stackoverflow9.sl,,,
INPUT,Sarah Jane Jones,,,
OUTPUT,Jones,,,
INPUT,Bob Jane Smithfield,,,
OUTPUT,Smithfield,,,
FILENAME,strip-html-from-text-or-numbers.sl,,,
INPUT,<b>0.66<b>,,,
OUTPUT,0.66,,,
INPUT,<b>0.409<b>,,,
OUTPUT,0.409,,,
INPUT,<b>0.7268<b>,,,
OUTPUT,0.7268,,,
FILENAME,strip-non-numeric-characters.sl,,,
INPUT,100 apples,,,
OUTPUT,100,,,
INPUT,the price is %500 dollars,,,
OUTPUT,500,,,
INPUT,serial number %003399,,,
OUTPUT,3399,,,
FILENAME,strip-numeric-characters-from-cell.sl,,,
INPUT,34653 jim mcdonald,,,
OUTPUT, jim mcdonald,,,
INPUT,price is 500,,,
OUTPUT, price is ,,,
INPUT,100 apples,,,
OUTPUT, apples,,,
